<configuration>

  <appender name="STDOUT" class="ch.qos.logback.core.ConsoleAppender">
    <!-- encoders are assigned the type
         ch.qos.logback.classic.encoder.PatternLayoutEncoder by default -->
    <encoder>
      <pattern>%d{HH:mm:ss.SSS} [%thread] %-5level %logger{36} - %msg%n</pattern>
    </encoder>
  </appender>
  
  <appender name="FILE" class="ch.qos.logback.core.rolling.RollingFileAppender">
    <rollingPolicy class="ch.qos.logback.core.rolling.TimeBasedRollingPolicy">
      <!-- daily rollover -->
      <fileNamePattern>logs/cm-catalog.%d{yyyy-MM-dd}.log</fileNamePattern>

      <!-- keep 30 days' worth of history -->
      <maxHistory>10</maxHistory>
    </rollingPolicy>

    <encoder>
      <pattern>%-30(%d{HH:mm:ss.SSS} [%thread]) %-5level %logger{32} - %msg%n</pattern>
    </encoder>
  </appender>

  <logger name="com.bmc.bsm.myit" level="DEBUG">
    <appender-ref ref="FILE"/>
  </logger>
  <root level="debug">
    <appender-ref ref="FILE" />
  </root>
</configuration>